label,compressor,bitwidth,stage,context_length,key_rmse,value_rmse,attention_rmse,attention_cosine,attention_max_error,uncompressed_bytes,compressed_bytes,compression_ratio,effective_bits_per_kv_element,shared_metadata_bytes,perplexity_compressed,perplexity_baseline,tokens_per_second,latency_ms_per_token,online_compressed_kv,finished_at
rocketkv_r1024,rocketkv,16,,128,0.0,0.0,0.0,0.999847412109375,0.0,16777216,16843264,0.9960786697875186,16.06298828125,0,10.989553693880998,10.992877387784619,31.349156693798225,31.898784703125017,True,2026-07-31T21:39:23.939515+00:00
rocketkv_r1024,rocketkv,16,,256,0.0,0.0,0.0,0.99920654296875,0.0,33554432,33686016,0.9960938093718177,16.062744140625,0,12.220909305362055,12.227868633777332,28.517936993223987,35.06565009374996,True,2026-07-31T21:39:26.713118+00:00
rocketkv_r1024,rocketkv,16,,512,0.0,0.0,0.0,0.993988037109375,0.0,67108864,67371520,0.9961013793365505,16.0626220703125,0,8.311810349911925,8.312575426052119,23.838999703891304,41.94806881250002,True,2026-07-31T21:39:34.416500+00:00
rocketkv_r256,rocketkv,16,,128,0.0,0.0,0.0,0.999847412109375,0.0,16777216,16843264,0.9960786697875186,16.06298828125,0,10.989553693880998,10.992877387784619,30.873669103841973,32.390060171875014,True,2026-07-31T21:38:50.377736+00:00
rocketkv_r256,rocketkv,16,,256,0.0,0.0,0.0,0.99920654296875,0.0,33554432,33686016,0.9960938093718177,16.062744140625,0,12.220909305362055,12.227868633777332,17.006402434337257,58.80138400000001,True,2026-07-31T21:39:10.302873+00:00
rocketkv_r256,rocketkv,16,,512,0.0,0.0,2.0833187120250765,0.758880615234375,29.359375,67108864,33686016,1.9921876187436354,8.0313720703125,0,8.76777296524379,8.312141407322708,14.760538520858173,67.74820570312501,True,2026-07-31T21:39:59.783416+00:00
rocketkv_r512,rocketkv,16,,128,0.0,0.0,0.0,0.999786376953125,0.0,16777216,16843264,0.9960786697875186,16.06298828125,0,10.99175249874247,10.994895670818893,19.908017939542994,50.231017624999986,True,2026-07-31T21:39:30.162388+00:00
rocketkv_r512,rocketkv,16,,256,0.0,0.0,0.0,0.999359130859375,0.0,33554432,33686016,0.9960938093718177,16.062744140625,0,12.220528486060038,12.223706221067687,37.97248566138475,26.334857531249977,True,2026-07-31T21:39:36.860753+00:00
rocketkv_r512,rocketkv,16,,512,0.0,0.0,0.0,0.993988037109375,0.0,67108864,67371520,0.9961013793365505,16.0626220703125,0,8.311810349911925,8.312575426052119,13.893489955676046,71.97615596874995,True,2026-07-31T21:39:47.018182+00:00
